{
    "accuracy": 0.7107438016528925,
    "f1_score": 0.72,
    "auc": 0.7519125683060109,
    "average_precision": 0.6431977113795295,
    "cv_mean": 0.6617283950617284,
    "cv_std": 0.06860445339595868,
    "cv_variance": 0.004706571025758266,
    "confusion_matrix": [
        [
            41,
            20
        ],
        [
            15,
            45
        ]
    ],
    "classification_report": {
        "False": {
            "precision": 0.7321428571428571,
            "recall": 0.6721311475409836,
            "f1-score": 0.7008547008547008,
            "support": 61.0
        },
        "True": {
            "precision": 0.6923076923076923,
            "recall": 0.75,
            "f1-score": 0.72,
            "support": 60.0
        },
        "accuracy": 0.7107438016528925,
        "macro avg": {
            "precision": 0.7122252747252746,
            "recall": 0.7110655737704918,
            "f1-score": 0.7104273504273504,
            "support": 121.0
        },
        "weighted avg": {
            "precision": 0.7123898828444283,
            "recall": 0.7107438016528925,
            "f1-score": 0.7103482376209648,
            "support": 121.0
        }
    },
    "fpr": [
        0.0,
        0.0,
        0.0,
        0.01639344262295082,
        0.01639344262295082,
        0.04918032786885246,
        0.04918032786885246,
        0.04918032786885246,
        0.04918032786885246,
        0.06557377049180328,
        0.06557377049180328,
        0.11475409836065574,
        0.11475409836065574,
        0.11475409836065574,
        0.13114754098360656,
        0.13114754098360656,
        0.16393442622950818,
        0.16393442622950818,
        0.19672131147540983,
        0.19672131147540983,
        0.22950819672131148,
        0.22950819672131148,
        0.3114754098360656,
        0.3114754098360656,
        0.32786885245901637,
        0.32786885245901637,
        0.32786885245901637,
        0.4426229508196721,
        0.4426229508196721,
        0.5409836065573771,
        0.5409836065573771,
        0.5573770491803278,
        0.5573770491803278,
        0.639344262295082,
        0.639344262295082,
        0.7540983606557377,
        0.7540983606557377,
        0.8032786885245902,
        0.8032786885245902,
        0.819672131147541,
        0.819672131147541,
        0.8688524590163934,
        0.8688524590163934,
        0.9836065573770492,
        0.9836065573770492,
        1.0
    ],
    "tpr": [
        0.0,
        0.016666666666666666,
        0.03333333333333333,
        0.03333333333333333,
        0.05,
        0.05,
        0.1,
        0.13333333333333333,
        0.18333333333333332,
        0.18333333333333332,
        0.3333333333333333,
        0.3333333333333333,
        0.38333333333333336,
        0.4166666666666667,
        0.4166666666666667,
        0.5,
        0.5,
        0.6,
        0.6,
        0.6666666666666666,
        0.6666666666666666,
        0.7,
        0.7,
        0.7333333333333333,
        0.7333333333333333,
        0.7666666666666667,
        0.8,
        0.8,
        0.8333333333333334,
        0.8333333333333334,
        0.85,
        0.85,
        0.8666666666666667,
        0.8666666666666667,
        0.8833333333333333,
        0.8833333333333333,
        0.9,
        0.9,
        0.9166666666666666,
        0.9166666666666666,
        0.9666666666666667,
        0.9666666666666667,
        0.9833333333333333,
        0.9833333333333333,
        1.0,
        1.0
    ],
    "precision": [
        0.49586776859504134,
        0.6923076923076923,
        1.0
    ],
    "recall": [
        1.0,
        0.75,
        0.0
    ]
}