{
    "accuracy": 0.6388888888888888,
    "f1_score": 0.4583333333333333,
    "auc": 0.6647992530345471,
    "average_precision": 0.58135945311737,
    "recall_class_0_default": 0.6862745098039216,
    "recall_class_1_default": 0.5238095238095238,
    "optimal_threshold": 0.3232971429824829,
    "accuracy_optimized": 0.6527777777777778,
    "f1_score_optimized": 0.5283018867924528,
    "recall_class_0_optimized": 0.6470588235294118,
    "recall_class_1_optimized": 0.6666666666666666,
    "cv_mean": 0.7200000000000001,
    "cv_std": 0.05617433182117572,
    "cv_variance": 0.003155555555555555,
    "cv_scores": [
        0.6833333333333333,
        0.6666666666666666,
        0.75,
        0.8166666666666667,
        0.6833333333333333
    ],
    "confusion_matrix_default": [
        [
            35,
            16
        ],
        [
            10,
            11
        ]
    ],
    "confusion_matrix_optimized": [
        [
            33,
            18
        ],
        [
            7,
            14
        ]
    ],
    "classification_report": {
        "0.0": {
            "precision": 0.7777777777777778,
            "recall": 0.6862745098039216,
            "f1-score": 0.7291666666666666,
            "support": 51.0
        },
        "1.0": {
            "precision": 0.4074074074074074,
            "recall": 0.5238095238095238,
            "f1-score": 0.4583333333333333,
            "support": 21.0
        },
        "accuracy": 0.6388888888888888,
        "macro avg": {
            "precision": 0.5925925925925926,
            "recall": 0.6050420168067228,
            "f1-score": 0.59375,
            "support": 72.0
        },
        "weighted avg": {
            "precision": 0.6697530864197531,
            "recall": 0.6388888888888888,
            "f1-score": 0.6501736111111112,
            "support": 72.0
        }
    },
    "fpr": [
        0.0,
        0.0,
        0.0,
        0.0392156862745098,
        0.0392156862745098,
        0.0784313725490196,
        0.0784313725490196,
        0.1568627450980392,
        0.1568627450980392,
        0.21568627450980393,
        0.21568627450980393,
        0.3137254901960784,
        0.3137254901960784,
        0.35294117647058826,
        0.35294117647058826,
        0.43137254901960786,
        0.43137254901960786,
        0.6078431372549019,
        0.6078431372549019,
        0.7647058823529411,
        0.7647058823529411,
        0.8235294117647058,
        0.8235294117647058,
        0.8431372549019608,
        0.8431372549019608,
        0.9019607843137255,
        0.9019607843137255,
        1.0
    ],
    "tpr": [
        0.0,
        0.047619047619047616,
        0.23809523809523808,
        0.23809523809523808,
        0.3333333333333333,
        0.3333333333333333,
        0.38095238095238093,
        0.38095238095238093,
        0.42857142857142855,
        0.42857142857142855,
        0.47619047619047616,
        0.47619047619047616,
        0.6190476190476191,
        0.6190476190476191,
        0.6666666666666666,
        0.6666666666666666,
        0.7142857142857143,
        0.7142857142857143,
        0.7619047619047619,
        0.7619047619047619,
        0.8095238095238095,
        0.8095238095238095,
        0.8571428571428571,
        0.8571428571428571,
        0.9523809523809523,
        0.9523809523809523,
        1.0,
        1.0
    ],
    "precision_curve": [
        0.2916666666666667,
        0.29577464788732394,
        0.3,
        0.30434782608695654,
        0.3088235294117647,
        0.31343283582089554,
        0.30303030303030304,
        0.3076923076923077,
        0.3125,
        0.31746031746031744,
        0.3064516129032258,
        0.29508196721311475,
        0.3,
        0.288135593220339,
        0.29310344827586204,
        0.2982456140350877,
        0.30357142857142855,
        0.2909090909090909,
        0.2962962962962963,
        0.3018867924528302,
        0.3076923076923077,
        0.3137254901960784,
        0.32,
        0.32653061224489793,
        0.3333333333333333,
        0.3404255319148936,
        0.32608695652173914,
        0.3333333333333333,
        0.3409090909090909,
        0.3488372093023256,
        0.35714285714285715,
        0.36585365853658536,
        0.375,
        0.38461538461538464,
        0.39473684210526316,
        0.40540540540540543,
        0.3888888888888889,
        0.4,
        0.4117647058823529,
        0.42424242424242425,
        0.4375,
        0.41935483870967744,
        0.43333333333333335,
        0.4482758620689655,
        0.42857142857142855,
        0.4074074074074074,
        0.38461538461538464,
        0.4,
        0.4166666666666667,
        0.43478260869565216,
        0.45454545454545453,
        0.47619047619047616,
        0.45,
        0.47368421052631576,
        0.5,
        0.5294117647058824,
        0.5,
        0.5333333333333333,
        0.5714285714285714,
        0.6153846153846154,
        0.6666666666666666,
        0.6363636363636364,
        0.7,
        0.7777777777777778,
        0.75,
        0.7142857142857143,
        0.8333333333333334,
        1.0,
        1.0,
        1.0,
        1.0,
        1.0,
        1.0
    ],
    "recall_curve": [
        1.0,
        1.0,
        1.0,
        1.0,
        1.0,
        1.0,
        0.9523809523809523,
        0.9523809523809523,
        0.9523809523809523,
        0.9523809523809523,
        0.9047619047619048,
        0.8571428571428571,
        0.8571428571428571,
        0.8095238095238095,
        0.8095238095238095,
        0.8095238095238095,
        0.8095238095238095,
        0.7619047619047619,
        0.7619047619047619,
        0.7619047619047619,
        0.7619047619047619,
        0.7619047619047619,
        0.7619047619047619,
        0.7619047619047619,
        0.7619047619047619,
        0.7619047619047619,
        0.7142857142857143,
        0.7142857142857143,
        0.7142857142857143,
        0.7142857142857143,
        0.7142857142857143,
        0.7142857142857143,
        0.7142857142857143,
        0.7142857142857143,
        0.7142857142857143,
        0.7142857142857143,
        0.6666666666666666,
        0.6666666666666666,
        0.6666666666666666,
        0.6666666666666666,
        0.6666666666666666,
        0.6190476190476191,
        0.6190476190476191,
        0.6190476190476191,
        0.5714285714285714,
        0.5238095238095238,
        0.47619047619047616,
        0.47619047619047616,
        0.47619047619047616,
        0.47619047619047616,
        0.47619047619047616,
        0.47619047619047616,
        0.42857142857142855,
        0.42857142857142855,
        0.42857142857142855,
        0.42857142857142855,
        0.38095238095238093,
        0.38095238095238093,
        0.38095238095238093,
        0.38095238095238093,
        0.38095238095238093,
        0.3333333333333333,
        0.3333333333333333,
        0.3333333333333333,
        0.2857142857142857,
        0.23809523809523808,
        0.23809523809523808,
        0.23809523809523808,
        0.19047619047619047,
        0.14285714285714285,
        0.09523809523809523,
        0.047619047619047616,
        0.0
    ]
}