{
    "accuracy": 0.7083333333333334,
    "f1_score": 0.4878048780487805,
    "auc": 0.6358543417366948,
    "average_precision": 0.5233039316681647,
    "recall_class_0_default": 0.803921568627451,
    "recall_class_1_default": 0.47619047619047616,
    "optimal_threshold": 0.32552197575569153,
    "accuracy_optimized": 0.6527777777777778,
    "f1_score_optimized": 0.5283018867924528,
    "recall_class_0_optimized": 0.6470588235294118,
    "recall_class_1_optimized": 0.6666666666666666,
    "cv_mean": 0.7066666666666667,
    "cv_std": 0.06463573143221772,
    "cv_variance": 0.004177777777777778,
    "cv_scores": [
        0.6333333333333333,
        0.65,
        0.7166666666666667,
        0.8166666666666667,
        0.7166666666666667
    ],
    "confusion_matrix_default": [
        [
            41,
            10
        ],
        [
            11,
            10
        ]
    ],
    "confusion_matrix_optimized": [
        [
            33,
            18
        ],
        [
            7,
            14
        ]
    ],
    "classification_report": {
        "0.0": {
            "precision": 0.7884615384615384,
            "recall": 0.803921568627451,
            "f1-score": 0.7961165048543689,
            "support": 51.0
        },
        "1.0": {
            "precision": 0.5,
            "recall": 0.47619047619047616,
            "f1-score": 0.4878048780487805,
            "support": 21.0
        },
        "accuracy": 0.7083333333333334,
        "macro avg": {
            "precision": 0.6442307692307692,
            "recall": 0.6400560224089635,
            "f1-score": 0.6419606914515747,
            "support": 72.0
        },
        "weighted avg": {
            "precision": 0.704326923076923,
            "recall": 0.7083333333333334,
            "f1-score": 0.7061922803694056,
            "support": 72.0
        }
    },
    "fpr": [
        0.0,
        0.0,
        0.0,
        0.0392156862745098,
        0.0392156862745098,
        0.058823529411764705,
        0.058823529411764705,
        0.09803921568627451,
        0.09803921568627451,
        0.1568627450980392,
        0.1568627450980392,
        0.17647058823529413,
        0.17647058823529413,
        0.23529411764705882,
        0.23529411764705882,
        0.3137254901960784,
        0.3137254901960784,
        0.35294117647058826,
        0.35294117647058826,
        0.6666666666666666,
        0.6666666666666666,
        0.803921568627451,
        0.803921568627451,
        0.8235294117647058,
        0.8235294117647058,
        0.8627450980392157,
        0.8627450980392157,
        0.9803921568627451,
        0.9803921568627451,
        1.0
    ],
    "tpr": [
        0.0,
        0.047619047619047616,
        0.09523809523809523,
        0.09523809523809523,
        0.2857142857142857,
        0.2857142857142857,
        0.3333333333333333,
        0.3333333333333333,
        0.38095238095238093,
        0.38095238095238093,
        0.42857142857142855,
        0.42857142857142855,
        0.47619047619047616,
        0.47619047619047616,
        0.5238095238095238,
        0.5238095238095238,
        0.6190476190476191,
        0.6190476190476191,
        0.6666666666666666,
        0.6666666666666666,
        0.7142857142857143,
        0.7142857142857143,
        0.7619047619047619,
        0.7619047619047619,
        0.9047619047619048,
        0.9047619047619048,
        0.9523809523809523,
        0.9523809523809523,
        1.0,
        1.0
    ],
    "precision_curve": [
        0.2916666666666667,
        0.29577464788732394,
        0.2857142857142857,
        0.2898550724637681,
        0.29411764705882354,
        0.29850746268656714,
        0.30303030303030304,
        0.3076923076923077,
        0.3125,
        0.30158730158730157,
        0.3064516129032258,
        0.3114754098360656,
        0.3,
        0.288135593220339,
        0.27586206896551724,
        0.2807017543859649,
        0.26785714285714285,
        0.2727272727272727,
        0.2777777777777778,
        0.2830188679245283,
        0.28846153846153844,
        0.29411764705882354,
        0.3,
        0.30612244897959184,
        0.2916666666666667,
        0.2978723404255319,
        0.30434782608695654,
        0.3111111111111111,
        0.3181818181818182,
        0.32558139534883723,
        0.3333333333333333,
        0.34146341463414637,
        0.35,
        0.358974358974359,
        0.3684210526315789,
        0.3783783783783784,
        0.3888888888888889,
        0.4,
        0.4117647058823529,
        0.42424242424242425,
        0.4375,
        0.41935483870967744,
        0.43333333333333335,
        0.4482758620689655,
        0.42857142857142855,
        0.4074074074074074,
        0.4230769230769231,
        0.44,
        0.4583333333333333,
        0.4782608695652174,
        0.45454545454545453,
        0.47619047619047616,
        0.5,
        0.5263157894736842,
        0.5,
        0.5294117647058824,
        0.5,
        0.5333333333333333,
        0.5714285714285714,
        0.6153846153846154,
        0.5833333333333334,
        0.6363636363636364,
        0.7,
        0.6666666666666666,
        0.75,
        0.7142857142857143,
        0.6666666666666666,
        0.6,
        0.5,
        0.6666666666666666,
        1.0,
        1.0,
        1.0
    ],
    "recall_curve": [
        1.0,
        1.0,
        0.9523809523809523,
        0.9523809523809523,
        0.9523809523809523,
        0.9523809523809523,
        0.9523809523809523,
        0.9523809523809523,
        0.9523809523809523,
        0.9047619047619048,
        0.9047619047619048,
        0.9047619047619048,
        0.8571428571428571,
        0.8095238095238095,
        0.7619047619047619,
        0.7619047619047619,
        0.7142857142857143,
        0.7142857142857143,
        0.7142857142857143,
        0.7142857142857143,
        0.7142857142857143,
        0.7142857142857143,
        0.7142857142857143,
        0.7142857142857143,
        0.6666666666666666,
        0.6666666666666666,
        0.6666666666666666,
        0.6666666666666666,
        0.6666666666666666,
        0.6666666666666666,
        0.6666666666666666,
        0.6666666666666666,
        0.6666666666666666,
        0.6666666666666666,
        0.6666666666666666,
        0.6666666666666666,
        0.6666666666666666,
        0.6666666666666666,
        0.6666666666666666,
        0.6666666666666666,
        0.6666666666666666,
        0.6190476190476191,
        0.6190476190476191,
        0.6190476190476191,
        0.5714285714285714,
        0.5238095238095238,
        0.5238095238095238,
        0.5238095238095238,
        0.5238095238095238,
        0.5238095238095238,
        0.47619047619047616,
        0.47619047619047616,
        0.47619047619047616,
        0.47619047619047616,
        0.42857142857142855,
        0.42857142857142855,
        0.38095238095238093,
        0.38095238095238093,
        0.38095238095238093,
        0.38095238095238093,
        0.3333333333333333,
        0.3333333333333333,
        0.3333333333333333,
        0.2857142857142857,
        0.2857142857142857,
        0.23809523809523808,
        0.19047619047619047,
        0.14285714285714285,
        0.09523809523809523,
        0.09523809523809523,
        0.09523809523809523,
        0.047619047619047616,
        0.0
    ]
}